{
  "MessageID": "4579883108",
  "MessageHash": "45:1:HELLOHELLO",
  "Recipient": "+27837327936",
  "Message": "hello"
}
{
  "MessageID": "9430381571",
  "MessageHash": "94:2:KHOLOKHOLO",
  "Recipient": "+27837327936",
  "Message": "kholo"
}
{ "MessageID": "8513280461", "MessageHash": "85:1:HELLOHELLO", "Recipient": "+27837327936", "Message": "Hello" }
{ "MessageID": "0722550101", "MessageHash": "07:2:KHOLOKHOLO", "Recipient": "+27837327936", "Message": "kholo" }
{
 MessageID: 5301480013
 MessageHash: 53:1:HELLOKHOLOFELO
 Recipient: +27837327936
 Message: hello kholofelo
}
{
 MessageID: 9455606415
 MessageHash: 94:1:HELLOKHOLOHELLOKHOLO
 Recipient: +27837327936
 Message: HelloKholo
}
{
 MessageID: 2225849785
 MessageHash: 22:1:HELLOKHOLO
 Recipient: +27837327936
 Message: hello Kholo
}
{
 MessageID: 0246871508
 MessageHash: 02:1:ROSEBANKROSEBANK
 Recipient: +27837327936
 Message: rosebank
}
{
 MessageID: 4017595157
 MessageHash: 40:1:HELLOHELLO
 Recipient: +27837327936
 Message: hello
}
{
 MessageID: 7236191291
 MessageHash: 72:2:KHOLOKHOLO
 Recipient: +27837327936
 Message: kholo
}
{
 MessageID: 6666732439
 MessageHash: 66:3:ROSEBANKROSEBANK
 Recipient: +27837327936
 Message: rosebank
}
{
 MessageID: 4205643597
 MessageHash: 42:1:DIDCAKE?
 Recipient: +27834557896
 Message: Did you get the cake?
}
{
 MessageID: 5541986394
 MessageHash: 55:2:WHERETIME.
 Recipient: +27838884567
 Message: Where are you? You are late! I have asked you to be on time.
}
{
 MessageID: 1508793524
 MessageHash: 15:3:YOHOOOOOO,GATE
 Recipient: +27834484567
 Message: Yohoooooo, I am at your gate
}
{
 MessageID: 7254602259
 MessageHash: 72:1:DIDCAKE?
 Recipient: +27834557896
 Message: Did you get the cake?
}
{
 MessageID: 9345669827
 MessageHash: 93:2:WHERETIME.
 Recipient: +27838884567
 Message: where are you? You are late! I have asked you to be on time.
}
{
 MessageID: 1860338422
 MessageHash: 18:2:YOHOOOOOOOO,GATE
 Recipient: +27834484567
 Message: yohoooooooo, I am at your gate
}
{
 MessageID: 0178742380
 MessageHash: 01:3:ITTIME!
 Recipient: 0838884567
 Message: It is dinner time!
}
{
 MessageID: 4279409525
 MessageHash: 42:4:OK,YOU.
 Recipient: +27838884567
 Message: ok, I am leaving without you.
}
{
 MessageID: 0060351005
 MessageHash: 00:4:HELLOHELLO
 Recipient: 0837327936
 Message: hello
}
{
 MessageID: 0699808958
 MessageHash: 06:1:HELLOHELLO
 Recipient: 0837327936
 Message: hello
}
{
 MessageID: 9985300804
 MessageHash: 99:2:ROSEROSE
 Recipient: 0837327936
 Message: rose
}
{
 MessageID: 4210484319
 MessageHash: 42:1:HELLOHELLO
 Recipient: 0837327936
 Message: hello
}
{
 MessageID: 5582370585
 MessageHash: 55:1:HELLOWORLD
 Recipient: 0837327936
 Message: hello world
}
{
 MessageID: 0297630629
 MessageHash: 02:2:WHEREYOU?
 Recipient: 0837327936
 Message: where are you?
}
{
 MessageID: 2197232955
 MessageHash: 21:1:HELLOYOU?
 Recipient: 0837327936
 Message: hello where are you?
}
{
 MessageID: 6645305956
 MessageHash: 66:2:ATROSEBANK
 Recipient: 0837327936
 Message: at rosebank
}
{
 MessageID: 8233895231
 MessageHash: 82:1:HELLOKHOLO
 Recipient: 0837327936
 Message: hello kholo
}
{
 MessageID: 4422803263
 MessageHash: 44:2:WHEREGIRL
 Recipient: 0837327936
 Message: where are you girl
}
{
 MessageID: 3436880661
 MessageHash: 34:1:HELLOKHOLO
 Recipient: 0837327936
 Message: hello kholo
}
{
 MessageID: 6947791037
 MessageHash: 69:2:HOWYOU?
 Recipient: 0837327936
 Message: how are you?
}
{
 MessageID: 3911754288
 MessageHash: 39:1:HELLOKHOLO
 Recipient: 0837327936
 Message: hello kholo
}
{
 MessageID: 6901998431
 MessageHash: 69:1:HELLOKHOLO
 Recipient: 0837327936
 Message: hello kholo
}
{
 MessageID: 1659680319
 MessageHash: 16:2:WHEREBEEN?
 Recipient: 0837327936
 Message: where have you been?
}
{
 MessageID: 0704694406
 MessageHash: 07:1:HELLOKHOLOFELO
 Recipient: 0837327936
 Message: hello kholofelo
}
{
 MessageID: 6381996644
 MessageHash: 63:2:WHEREYOU?
 Recipient: 0837327936
 Message: where are you?
}
{
 MessageID: 4047958044
 MessageHash: 40:1:HELLOKHOLOFELO
 Recipient: 0837327936
 Message: hello kholofelo
}
{
 MessageID: 3800476814
 MessageHash: 38:2:WHEREBEEN?
 Recipient: 0837327936
 Message: where have you been?
}
{
 MessageID: 0651007948
 MessageHash: 06:1:DIDCAKE?
 Recipient: +27834557896
 Message: Did you get the cake?
}
{
 MessageID: 1979071728
 MessageHash: 19:2:YOHOOOOO,GATE.
 Recipient: +27834484567
 Message: Yohooooo, I am at your gate.
}
{
 MessageID: 2277211513
 MessageHash: 22:2:ITTIME!
 Recipient: 0838884567
 Message: It is dinner time!
}
